{
    "$schema": "https://schema.management.azure.com/schemas/2019-04-01/deploymentTemplate.json#",
    "contentVersion": "1.0.0.0",
    "parameters": {
        "DbType": {
            "type": "string",
            "allowedValues": [
                "SQL",
                "MySQL",
                "Cosmos"
            ]
        },
        "DbName": {
            "type": "string"
        },
        "SQLfirewallIPAddresses":{
            "type": "array",
            "defaultValue": null
        },
        "ruleName": {
            "type": "string",
            "defaultValue": "null"
        },
        "SQL-MySQL-startIPAddress": {
            "type": "string",
            "defaultValue": "null"
        },
        "SQL-MySQL-endIPAddress": {
            "type": "array",
            "defaultValue": "null"
        },
        "cosmosDB-IP/CIDR-range": {
            "type": "array",
            "defaultValue": "null"
        }
    },
    "variables": {
        "location": "[resourceGroup().location]",
        "offerType": "Standard"
    },
    "resources": [
        {   "condition": "[equals(parameters('DbType'),'SQL')]",
            "name": "[concat(parameters('DbName'), '/', parameters('SQLfirewallIPAddresses')[copyIndex('firewallrulecopy')].RuleName)]",
            "type": "Microsoft.Sql/servers/firewallrules",
            "apiVersion": "2014-04-01",
            "location": "[resourceGroup().location]",
            "properties": {
                "startIpAddress": "[parameters('SQLfirewallIPAddresses')[copyIndex('firewallrulecopy')].StartIP]",
                "endIpAddress": "[parameters('SQLfirewallIPAddresses')[copyIndex('firewallrulecopy')].EndIP]"
            },
            "copy": {
                "name": "firewallrulecopy",
                "count": "[length(parameters('SQLfirewallIPAddresses'))]"
            }
        },
        {
            "condition": "[equals(parameters('DbType'),'MySQL')]",
            "name": "[concat(parameters('DbName'),'/',parameters('ruleName'))]",
            "type": "Microsoft.DBforMySQL/servers/firewallRules",
            "location": "[variables('location')]",
            "apiVersion": "2017-12-01-preview",
            "properties": {
                "startIpAddress": "[parameters('SQL-MySQL-startIPAddress')]",
                "endIpAddress": "[parameters('SQL-MySQL-endIPAddress')]"
            }
        },
        {
            "condition": "[equals(parameters('DbType'),'Cosmos')]",
            "name": "[parameters('DbName')]",
            "type": "Microsoft.DocumentDB/databaseAccounts",
            "apiVersion": "2021-10-15",
            "location": "[variables('location')]",
            "properties": {
                "mode": "Incremental",
                "databaseAccountOfferType": "[variables('offerType')]",
                "ipRules": "[parameters('cosmosDB-IP/CIDR-range')]"
            }
        }
    ]
}