{
       "$schema": "http://json-schema.org/schema#",
       "organizationName": "nv",
       "subscriptions" : [
         {
       "applicationName": "nbs-iac",            
       "environmentName": "dfi-001",
       "useForAcceptanceTest": true,
       "subscriptionId": "542424f0-e837-4437-846a-2c2f28e644a6",
       "comment": "NBS-DFI-IaC-001"
         },
		{
       "applicationName": "nbs-iac",            
       "environmentName": "dfi-002",
       "useForAcceptanceTest": true,
       "subscriptionId": "45aab85a-8645-4484-8f14-edabc0519f0f",
       "comment": "NBS-DFI-IaC-002"
         },
		{
       "applicationName": "nbs-iac",            
       "environmentName": "ppe-001",
       "useForAcceptanceTest": true,
       "subscriptionId": "e4c6ced9-8502-43f4-bf29-7d68b02a7947",
       "comment": "NBS-PPE-IaC-001"
         },	
		{
       "applicationName": "nbs-iac",            
       "environmentName": "ppe-002",
       "useForAcceptanceTest": true,
       "subscriptionId": "fd485121-10e8-4134-88a9-b901b66c13ab",
       "comment": "NBS-PPE-IaC-002"
         }		 
     ]            
}