{
  "$schema": "http://json-schema.org/schema#",
  "WorkLoads": [
    {
      "applicationName": "nbs-iac",
      "environmentName": "dfi-001",
      "resourceGroupName": "rg-Sushant",
      "DbType": "SQL",
      "DbName": "sqldbfwtesting0304",
      "SQLfirewallIPAddresses": [
        {
          "RuleName": "SQLRules1",
          "StartIP": "20.30.11.50",
          "EndIP": "20.30.11.51"
        },
        {
          "RuleName": "SQLRules2",
          "StartIP": "20.30.11.52",
          "EndIP": "20.30.11.52"
        },
        {
          "RuleName": "SQLRUles3",
          "StartIP": "20.30.11.53",
          "EndIP": "20.30.11.53"
        },
        {
          "RuleName": "SQLRUles4",
          "StartIP": "20.30.11.54",
          "EndIP": "20.30.11.55"
        }
      ],
      "cosmosDB-IP/CIDR-range": [
        "115.160.253.90/32",
        "115.160.253.94/32"
      ]
    }
  ]
}